{ "compressionlevel":-1,
 "height":20,
 "infinite":false,
 "layers":[
        {
         "data":[5, 5, 5, 5, 5, 5, 5, 5, 5, 5, 5, 4, 5, 5, 5, 5, 5, 5, 5, 5, 4, 5, 5, 5, 5, 5, 5, 5, 5, 5,
            5, 5, 5, 5, 5, 5, 5, 5, 5, 5, 5, 4, 5, 5, 5, 5, 5, 5, 5, 5, 4, 5, 5, 5, 5, 5, 5, 5, 5, 5,
            5, 5, 5, 5, 5, 5, 5, 5, 5, 5, 5, 4, 5, 5, 5, 5, 5, 5, 5, 5, 4, 5, 5, 5, 5, 5, 5, 5, 5, 5,
            5, 5, 5, 5, 5, 5, 5, 5, 5, 5, 5, 4, 5, 5, 5, 5, 5, 5, 5, 5, 4, 5, 5, 5, 5, 5, 5, 5, 5, 5,
            5, 5, 5, 5, 5, 5, 5, 5, 5, 5, 5, 4, 5, 5, 5, 5, 5, 5, 5, 5, 4, 5, 5, 5, 5, 5, 5, 5, 5, 5,
            4, 4, 5, 5, 5, 5, 5, 5, 5, 5, 5, 4, 5, 5, 5, 5, 5, 5, 5, 4, 4, 5, 5, 5, 5, 5, 5, 5, 5, 5,
            5, 4, 4, 4, 5, 5, 5, 5, 5, 5, 4, 4, 5, 5, 5, 5, 5, 5, 4, 4, 5, 5, 5, 5, 5, 5, 5, 5, 5, 5,
            5, 5, 5, 4, 4, 5, 5, 5, 5, 4, 4, 5, 5, 5, 5, 5, 5, 5, 5, 5, 5, 5, 5, 5, 5, 5, 5, 5, 5, 5,
            5, 5, 5, 5, 4, 5, 5, 5, 5, 5, 5, 5, 5, 5, 5, 5, 5, 5, 5, 5, 5, 5, 5, 5, 5, 5, 5, 5, 5, 5,
            5, 5, 5, 5, 5, 5, 5, 5, 5, 5, 5, 5, 5, 5, 5, 5, 5, 5, 5, 5, 5, 5, 5, 5, 4, 4, 4, 4, 5, 5,
            5, 5, 5, 5, 5, 5, 5, 5, 5, 5, 5, 5, 5, 5, 5, 5, 5, 5, 5, 5, 5, 5, 5, 5, 5, 5, 5, 4, 4, 4,
            5, 5, 5, 5, 5, 5, 5, 5, 5, 5, 5, 5, 5, 5, 5, 5, 5, 5, 5, 5, 5, 5, 5, 5, 5, 5, 5, 5, 5, 5,
            4, 4, 4, 4, 4, 5, 5, 5, 5, 5, 5, 5, 5, 5, 5, 5, 5, 5, 5, 5, 5, 5, 5, 5, 5, 5, 5, 5, 5, 5,
            4, 5, 5, 5, 5, 5, 5, 5, 5, 5, 5, 5, 5, 5, 5, 5, 5, 5, 5, 5, 5, 5, 5, 5, 4, 4, 4, 4, 4, 4,
            5, 5, 5, 5, 5, 5, 5, 5, 5, 5, 5, 5, 5, 5, 5, 5, 5, 5, 5, 5, 5, 5, 5, 5, 5, 5, 5, 5, 5, 5,
            5, 5, 5, 5, 5, 5, 4, 4, 4, 5, 5, 5, 5, 5, 5, 5, 5, 5, 5, 4, 4, 5, 5, 5, 5, 5, 5, 5, 5, 5,
            5, 5, 5, 5, 5, 5, 5, 5, 4, 4, 4, 5, 5, 5, 5, 5, 5, 5, 4, 4, 5, 5, 5, 5, 5, 5, 5, 5, 5, 5,
            5, 5, 5, 5, 5, 5, 5, 5, 5, 5, 4, 5, 5, 5, 5, 5, 5, 5, 5, 4, 5, 5, 5, 5, 5, 5, 5, 5, 5, 5,
            5, 5, 5, 5, 5, 5, 5, 5, 5, 5, 4, 5, 5, 5, 5, 5, 5, 5, 5, 4, 5, 5, 5, 5, 5, 5, 5, 5, 5, 5,
            5, 5, 5, 5, 5, 5, 5, 5, 5, 5, 4, 5, 5, 5, 5, 5, 5, 5, 5, 4, 5, 5, 5, 5, 5, 5, 5, 5, 5, 5],
         "height":20,
         "id":1,
         "name":"\u0421\u043b\u043e\u0439 \u0442\u0430\u0439\u043b\u043e\u0432 1",
         "opacity":1,
         "type":"tilelayer",
         "visible":true,
         "width":30,
         "x":0,
         "y":0
        }, 
        {
         "draworder":"topdown",
         "id":2,
         "name":"\u0421\u043b\u043e\u0439 \u043e\u0431\u044a\u0435\u043a\u0442\u043e\u0432 1",
         "objects":[
                {
                 "class":"",
                 "height":32,
                 "id":1,
                 "name":"player",
                 "rotation":0,
                 "visible":true,
                 "width":32,
                 "x":480,
                 "y":352
                }, 
                {
                 "class":"",
                 "height":32,
                 "id":2,
                 "name":"spider",
                 "rotation":0,
                 "visible":true,
                 "width":32,
                 "x":800,
                 "y":544
                }, 
                {
                 "class":"",
                 "height":32,
                 "id":3,
                 "name":"spider",
                 "rotation":0,
                 "visible":true,
                 "width":32,
                 "x":800,
                 "y":128
                }, 
                {
                 "class":"",
                 "height":32,
                 "id":7,
                 "name":"spider",
                 "rotation":0,
                 "visible":true,
                 "width":32,
                 "x":160,
                 "y":160
                }, 
                {
                 "class":"",
                 "height":29.3333333333334,
                 "id":8,
                 "name":"spider",
                 "rotation":0,
                 "visible":true,
                 "width":30.6666666666667,
                 "x":65.3333333333333,
                 "y":514.666666666667
                }, 
                {
                 "class":"",
                 "height":32,
                 "id":9,
                 "name":"medkit",
                 "rotation":0,
                 "visible":true,
                 "width":32,
                 "x":480,
                 "y":96
                }, 
                {
                 "class":"",
                 "height":32,
                 "id":10,
                 "name":"ammo",
                 "rotation":0,
                 "visible":true,
                 "width":32,
                 "x":448,
                 "y":576
                }, 
                {
                 "class":"",
                 "height":32,
                 "id":11,
                 "name":"portal",
                 "rotation":0,
                 "visible":true,
                 "width":32,
                 "x":896,
                 "y":576
                }],
         "opacity":1,
         "type":"objectgroup",
         "visible":true,
         "x":0,
         "y":0
        }],
 "nextlayerid":3,
 "nextobjectid":12,
 "orientation":"orthogonal",
 "renderorder":"right-down",
 "tiledversion":"1.9.2",
 "tileheight":32,
 "tilesets":[
        {
         "columns":4,
         "firstgid":1,
         "image":"assets/images/dark_forest.png",
         "imageheight":146,
         "imagewidth":140,
         "margin":0,
         "name":"dark_forest",
         "spacing":0,
         "tilecount":16,
         "tileheight":32,
         "tilewidth":32
        }],
 "tilewidth":32,
 "type":"map",
 "version":"1.9",
 "width":30
}