{ "compressionlevel":-1,
 "height":20,
 "infinite":false,
 "layers":[
        {
         "data":[5, 5, 5, 5, 5, 5, 5, 5, 5, 5, 5, 4, 5, 5, 5, 5, 5, 4, 5, 5, 5, 5, 5, 5, 5, 5, 4, 5, 5, 5, 5, 5, 5, 5, 5,
            5, 5, 5, 5, 5, 5, 5, 5, 5, 5, 5, 4, 5, 5, 5, 5, 5, 4, 5, 5, 5, 5, 5, 5, 5, 5, 4, 4, 5, 5, 5, 5, 5, 5, 5,
            5, 5, 5, 5, 5, 5, 5, 5, 5, 5, 5, 4, 5, 5, 5, 5, 5, 4, 5, 5, 5, 5, 5, 5, 5, 5, 5, 4, 5, 5, 5, 5, 5, 5, 5,
            5, 5, 5, 5, 5, 5, 5, 5, 5, 5, 5, 4, 5, 5, 5, 5, 5, 4, 5, 5, 5, 5, 5, 5, 5, 5, 4, 4, 5, 5, 5, 5, 5, 4, 4,
            5, 5, 5, 5, 5, 5, 5, 5, 5, 5, 5, 4, 5, 5, 5, 5, 5, 4, 5, 5, 5, 5, 5, 5, 4, 4, 4, 5, 5, 5, 5, 4, 4, 4, 5,
            5, 5, 5, 5, 4, 5, 5, 5, 5, 5, 4, 4, 5, 5, 5, 5, 5, 4, 4, 5, 5, 5, 5, 5, 5, 5, 5, 5, 5, 5, 4, 4, 5, 5, 5,
            5, 5, 5, 4, 4, 5, 5, 5, 5, 5, 5, 5, 5, 5, 5, 5, 5, 5, 5, 5, 5, 5, 5, 5, 5, 5, 5, 5, 5, 4, 4, 5, 5, 5, 5,
            4, 4, 4, 4, 5, 5, 5, 5, 5, 5, 5, 5, 5, 5, 5, 5, 5, 5, 5, 5, 5, 5, 5, 5, 5, 5, 5, 5, 5, 5, 5, 5, 5, 5, 5,
            5, 5, 5, 5, 5, 5, 5, 5, 5, 5, 5, 5, 5, 5, 5, 5, 5, 4, 4, 4, 5, 5, 5, 5, 5, 5, 5, 5, 4, 4, 4, 4, 4, 4, 4,
            5, 5, 5, 5, 5, 5, 5, 5, 5, 5, 5, 5, 5, 5, 4, 4, 4, 4, 4, 4, 4, 4, 5, 5, 5, 5, 5, 5, 5, 5, 5, 5, 5, 5, 4,
            5, 5, 5, 5, 5, 5, 5, 5, 5, 5, 5, 5, 5, 5, 4, 4, 4, 4, 4, 4, 4, 4, 5, 5, 5, 5, 5, 5, 5, 5, 5, 5, 5, 5, 4,
            5, 5, 5, 5, 5, 5, 5, 5, 5, 5, 5, 5, 5, 5, 5, 5, 5, 4, 4, 4, 5, 5, 5, 5, 5, 5, 4, 4, 4, 4, 4, 5, 5, 5, 4,
            4, 4, 4, 4, 5, 5, 5, 5, 5, 5, 5, 5, 5, 5, 5, 5, 5, 5, 5, 5, 5, 5, 5, 5, 5, 5, 5, 5, 5, 5, 4, 5, 5, 5, 4,
            5, 5, 5, 4, 4, 5, 5, 5, 5, 5, 5, 5, 5, 5, 5, 5, 5, 4, 4, 4, 5, 5, 5, 5, 4, 4, 4, 5, 5, 5, 4, 5, 5, 5, 4,
            5, 5, 5, 5, 4, 5, 5, 5, 5, 5, 5, 5, 5, 5, 5, 5, 5, 4, 5, 5, 5, 5, 5, 5, 5, 5, 4, 5, 5, 5, 4, 5, 5, 5, 4,
            5, 5, 5, 5, 5, 5, 5, 4, 4, 5, 5, 4, 4, 5, 5, 5, 5, 4, 5, 5, 5, 5, 5, 5, 5, 5, 4, 5, 5, 5, 4, 5, 5, 5, 4,
            5, 5, 5, 5, 5, 5, 5, 4, 4, 5, 5, 4, 4, 5, 5, 5, 5, 4, 5, 5, 5, 5, 5, 5, 5, 5, 4, 5, 5, 5, 4, 5, 5, 5, 4,
            5, 5, 5, 5, 5, 5, 5, 4, 5, 5, 5, 5, 4, 5, 5, 5, 5, 4, 5, 5, 5, 5, 5, 5, 5, 5, 4, 5, 5, 5, 4, 5, 5, 5, 4,
            5, 5, 5, 5, 5, 5, 5, 4, 5, 5, 5, 5, 4, 5, 5, 5, 5, 4, 5, 5, 5, 5, 5, 5, 5, 5, 4, 5, 5, 5, 4, 5, 5, 5, 4,
            5, 5, 5, 5, 5, 5, 5, 4, 5, 5, 5, 5, 4, 5, 5, 5, 5, 4, 5, 5, 5, 5, 5, 5, 5, 5, 4, 5, 5, 5, 4, 5, 5, 5, 4],
         "height":20,
         "id":1,
         "name":"\u0421\u043b\u043e\u0439 \u0442\u0430\u0439\u043b\u043e\u0432 1",
         "opacity":1,
         "type":"tilelayer",
         "visible":true,
         "width":35,
         "x":0,
         "y":0
        }, 
        {
         "draworder":"topdown",
         "id":2,
         "name":"\u0421\u043b\u043e\u0439 \u043e\u0431\u044a\u0435\u043a\u0442\u043e\u0432 1",
         "objects":[
                {
                 "class":"",
                 "height":32,
                 "id":1,
                 "name":"player",
                 "rotation":0,
                 "visible":true,
                 "width":32,
                 "x":0,
                 "y":288
                }, 
                {
                 "class":"",
                 "height":32,
                 "id":4,
                 "name":"spider",
                 "rotation":0,
                 "visible":true,
                 "width":32,
                 "x":448,
                 "y":64
                }, 
                {
                 "class":"",
                 "height":32,
                 "id":5,
                 "name":"spider",
                 "rotation":0,
                 "visible":true,
                 "width":32,
                 "x":480,
                 "y":544
                }, 
                {
                 "class":"",
                 "height":32,
                 "id":6,
                 "name":"spider",
                 "rotation":0,
                 "visible":true,
                 "width":32,
                 "x":768,
                 "y":192
                }, 
                {
                 "class":"",
                 "height":32,
                 "id":13,
                 "name":"spider",
                 "rotation":0,
                 "visible":true,
                 "width":32,
                 "x":768,
                 "y":352
                }, 
                {
                 "class":"",
                 "height":32,
                 "id":15,
                 "name":"medkit",
                 "rotation":0,
                 "visible":true,
                 "width":32,
                 "x":256,
                 "y":576
                }, 
                {
                 "class":"",
                 "height":32,
                 "id":16,
                 "name":"ammo",
                 "rotation":0,
                 "visible":true,
                 "width":32,
                 "x":352,
                 "y":576
                }, 
                {
                 "class":"",
                 "height":32,
                 "id":17,
                 "name":"ammo",
                 "rotation":0,
                 "visible":true,
                 "width":32,
                 "x":256,
                 "y":96
                }, 
                {
                 "class":"",
                 "height":32,
                 "id":18,
                 "name":"medkit",
                 "rotation":0,
                 "visible":true,
                 "width":32,
                 "x":640,
                 "y":96
                }, 
                {
                 "class":"",
                 "height":32,
                 "id":19,
                 "name":"portal",
                 "rotation":0,
                 "visible":true,
                 "width":32,
                 "x":1024,
                 "y":576
                }, 
                {
                 "class":"",
                 "height":32,
                 "id":20,
                 "name":"spider",
                 "rotation":0,
                 "visible":true,
                 "width":32,
                 "x":288,
                 "y":128
                }, 
                {
                 "class":"",
                 "height":32,
                 "id":21,
                 "name":"spider",
                 "rotation":0,
                 "visible":true,
                 "width":32,
                 "x":992,
                 "y":448
                }, 
                {
                 "class":"",
                 "height":32,
                 "id":22,
                 "name":"spider",
                 "rotation":0,
                 "visible":true,
                 "width":32,
                 "x":1056,
                 "y":448
                }, 
                {
                 "class":"",
                 "height":32,
                 "id":23,
                 "name":"spider",
                 "rotation":0,
                 "visible":true,
                 "width":32,
                 "x":704,
                 "y":480
                }, 
                {
                 "class":"",
                 "height":32,
                 "id":24,
                 "name":"spider",
                 "rotation":0,
                 "visible":true,
                 "width":32,
                 "x":192,
                 "y":512
                }, 
                {
                 "class":"",
                 "height":32,
                 "id":25,
                 "name":"medkit",
                 "rotation":0,
                 "visible":true,
                 "width":32,
                 "x":608,
                 "y":544
                }, 
                {
                 "class":"",
                 "height":32,
                 "id":28,
                 "name":"ammo",
                 "rotation":0,
                 "visible":true,
                 "width":32,
                 "x":768,
                 "y":544
                }, 
                {
                 "class":"",
                 "height":32,
                 "id":29,
                 "name":"medkit",
                 "rotation":0,
                 "visible":true,
                 "width":32,
                 "x":928,
                 "y":64
                }, 
                {
                 "class":"",
                 "height":32,
                 "id":30,
                 "name":"ammo",
                 "rotation":0,
                 "visible":true,
                 "width":32,
                 "x":1024,
                 "y":64
                }],
         "opacity":1,
         "type":"objectgroup",
         "visible":true,
         "x":0,
         "y":0
        }],
 "nextlayerid":3,
 "nextobjectid":31,
 "orientation":"orthogonal",
 "renderorder":"right-down",
 "tiledversion":"1.9.2",
 "tileheight":32,
 "tilesets":[
        {
         "columns":4,
         "firstgid":1,
         "image":"assets/images/dark_forest.png",
         "imageheight":146,
         "imagewidth":140,
         "margin":0,
         "name":"dark_forest",
         "spacing":0,
         "tilecount":16,
         "tileheight":32,
         "tilewidth":32
        }],
 "tilewidth":32,
 "type":"map",
 "version":"1.9",
 "width":35
}